{"MSE": 2.453983836538874, "_timestamp": 1685980878.7367969, "_runtime": 19.809744834899902, "_step": 0, "_wandb": {"runtime": 19}}