{"MSE": 2.464415427506713, "_timestamp": 1685981449.350662, "_runtime": 13.6997709274292, "_step": 0, "_wandb": {"runtime": 13}}