{"MSE": 2.4527016759232776, "_timestamp": 1685981538.180629, "_runtime": 13.229046106338501, "_step": 0, "_wandb": {"runtime": 12}}