{"MSE": 2.452516249220663, "_timestamp": 1685981501.6981351, "_runtime": 12.482044219970703, "_step": 0, "_wandb": {"runtime": 11}}