{"MSE": 2.452076004505682, "_timestamp": 1685981475.336973, "_runtime": 12.729413032531738, "_step": 0, "_wandb": {"runtime": 12}}