{"MSE": 2.465210576817081, "_timestamp": 1685981421.646744, "_runtime": 12.738558053970337, "_step": 0, "_wandb": {"runtime": 12}}